<?xml version="1.0" encoding="UTF-8"?>

<modification>
    <code><![CDATA[Bank Transfer]]></code>
    <name><![CDATA[Bank Transfer]]></name>
    <version><![CDATA[3.0.3.8]]></version>
    <author><![CDATA[Omeecron]]></author>

<!-- admin start -->
    <file path="admin/model/sale/order.php">
        <operation>
            <search><![CDATA['date_added'              => $order_query->row['date_added'],]]></search>
            <add position="before"><![CDATA[

                'bank_transfer_name'	  => $order_query->row['bank_transfer_name'],
				'bank_transfer_image'	  => $order_query->row['bank_transfer_image'],

            ]]></add>
        </operation>
    </file>

    <file path="admin/controller/sale/order.php">
        <operation>
            <search index="1"><![CDATA[$data['payment_method'] = $order_info['payment_method'];]]></search>
            <add position="before"><![CDATA[

            if($data['payment_method'] === 'Bank Transfer'){
				$this->load->model('setting/module');
				$bank_name = $this->model_setting_module->getModule($order_info['bank_transfer_name']);
				$data['payment_method'] = $bank_name['name'].' - '.$data['payment_method'];
			}


            ]]></add>
        </operation>

        <operation>
            <search><![CDATA[$totals = $this->model_sale_order->getOrderTotals($order_id);]]></search>
            <add position="before"><![CDATA[

            if($order_info['payment_method'] === 'Bank Transfer'){
				$this->load->model('setting/module');
				$bank_name = $this->model_setting_module->getModule($order_info['bank_transfer_name']);
				$order_info['payment_method'] = $bank_name['name'].' - '.$order_info['payment_method'];
			}

            ]]></add>
        </operation>
    </file>

    <file path="admin/view/template/sale/order_info.twig">
        <operation>
            <search index="5"><![CDATA[{% endif %}</td>]]></search>
            <add position="after" offset="1"><![CDATA[

            {% if image %}
                <tr>
                <td>Order Image</td>
                <td class="text-right"></td>
                <td class="text-center">
                    <a href="{{ image }}" target="_blank" type="button" class="btn btn-primary btn-xs" download>
                    Image
                    </a>
                </td>
                </tr>
            {% endif %}

            ]]></add>
        </operation>
    </file>
<!-- admin end -->

    <file path="catalog/model/setting/module.php">
        <operation>
            <search><![CDATA[public function getModule($module_id) {]]></search>
            <add position="before"><![CDATA[
                public function getModuleByCode($module_code) {
                    $query = $this->db->query("SELECT * FROM " . DB_PREFIX . "module WHERE code = '" . $this->db->escape($module_code) . "'");
                    if ($query->rows) {
                        foreach ($query->rows as $key => $rows) {
                            $setting = json_decode($rows['setting'], true);
                                if($setting['status'] == 1){
                                    $settings[] = array(
                                        'module_id' => $rows['module_id'],
                                        'setting' => json_decode($rows['setting'], true)
                                    );
                                }
                        }
                        return $settings;
                    } else {
                        return array();
                    }
                }
            ]]></add>
        </operation>
    </file>

    <file path="catalog/controller/checkout/payment_method.php">
        <operation>
            <search><![CDATA[foreach ($method_data as $key => $value) {]]></search>
            <add position="before" offset="1"><![CDATA[
                $this->load->model('setting/module');
                $bank_results = $this->model_setting_module->getModuleByCode('bank_transfer_new');
                foreach ($bank_results as $bank_result) {
                    $bank_methods[$bank_result['setting']['name']] = array(
                        'code'       => $bank_result['setting']['name'],
                        'title'      => $bank_result['setting']['name'],
                        'terms'      => '',
                        'module_id'  => $bank_result['module_id'],
                        'sort_order' => $bank_result['setting']['sort_order']
                    );
                }
            ]]></add>
        </operation>

        <operation>
            <search><![CDATA[$this->session->data['payment_methods'] = $method_data;]]></search>
            <add position="after"><![CDATA[
                $this->session->data['bank_methods'] = $bank_methods;
            ]]></add>
        </operation>

        <operation>
            <search><![CDATA[if (isset($this->session->data['payment_method']['code'])) {]]></search>
            <add position="before"><![CDATA[
                if (isset($this->session->data['bank_methods'])) {
                    $data['bank_methods'] = $this->session->data['bank_methods'];
                } else {
                    $data['bank_methods'] = array();
                }

                if (isset($this->session->data['bank_transfer_image'])) {
                    $data['bank_transfer_image'] = $this->session->data['bank_transfer_image'];
                } else {
                    $data['bank_transfer_image'] = '';
                }

                $this->load->model('setting/module');
                $bank_results = $this->model_setting_module->getModuleByCode('bank_transfer_new');

                foreach ($bank_results as $key => $bank_result) {

                    $data['bank_result'][$bank_result['module_id']] =  html_entity_decode($bank_result['setting']['description'], ENT_QUOTES, 'UTF-8');
                }
            ]]></add>
        </operation>
        <operation>
            <search><![CDATA[$this->session->data['payment_method'] = $this->session->data['payment_methods'][$this->request->post['payment_method']];]]></search>
            <add position="after"><![CDATA[
                if($this->request->post['payment_method'] == 'bank_transfer'){
                    $this->session->data['bank_transfer_name'] = $this->request->post['bank_transfer_name'];
                }
            ]]></add>
        </operation>
        <operation>
            <search><![CDATA[public function save() {]]></search>
            <add position="before"><![CDATA[
                public function image() {
                    if (!empty($this->request->files['file']['name']) && is_file($this->request->files['file']['tmp_name'])) {

                        $filename = rand(1,1000000000);
                        $extension  = pathinfo( $this->request->files["file"]["name"], PATHINFO_EXTENSION ); // jpg
                        if($extension == 'jpg' || $extension == 'png'){

                            $basename   = $filename . "." . $extension;

                            $path = DIR_IMAGE . 'bank_transfer_image/';

                            move_uploaded_file($this->request->files['file']['tmp_name'], $path . '/' . $basename);
                            $this->session->data['bank_transfer_image'] = $basename;

                            print('/madzoon/image/bank_transfer_image/'.$basename);
                        }
                    }
                }

                public function showDesc(){
                    $module_id = $this->request->post['module_id'];
                    $this->load->model('setting/module');
                    $bank_results = $this->model_setting_module->getModule($module_id);

                    $description = html_entity_decode($bank_results['description'], ENT_QUOTES, 'UTF-8');

                    print($description);
                }
            ]]></add>
        </operation>
    </file>

    <file path="catalog/view/theme/default/template/checkout/payment_method.twig">
        <operation>
            <search><![CDATA[<input type="radio" name="payment_method" value="{{ payment_method.code }}" checked="checked" />]]></search>
            <add position="replace"><![CDATA[
                <input type="radio" name="payment_method" {% if payment_method.code == 'bank_transfer' %} id="bank-transfer" {% endif %} value="{{ payment_method.code }}" checked="checked" />
            ]]></add>
        </operation>

        <operation>
            <search><![CDATA[<input type="radio" name="payment_method" value="{{ payment_method.code }}" />]]></search>
            <add position="replace"><![CDATA[
                <input type="radio" name="payment_method" {% if payment_method.code == 'bank_transfer' %} id="bank-transfer" {% endif %} value="{{ payment_method.code }}" />
            ]]></add>
        </operation>

        <operation>
            <search index="1"><![CDATA[<input type="button" value="{{ button_continue }}" id="button-payment-method" data-loading-text="{{ text_loading }}" class="btn btn-primary" />]]></search>
            <add position="replace"><![CDATA[
                <input type="button" value="{{ button_continue }}" id="button-payment-method" onclick="return validateBank()"   data-loading-text="{{ text_loading }}" class="btn btn-primary" />
            ]]></add>
        </operation>

        <operation>
            <search><![CDATA[<p><strong>{{ text_comments }}</strong></p>]]></search>
            <add position="replace"><![CDATA[
                {# <p><strong>{{ text_comments }}</strong></p> #}
            ]]></add>
        </operation>

        <operation>
            <search index="2"><![CDATA[<p>]]></search>
            <add position="replace" offset="2"><![CDATA[
                {# <p>
                <textarea name="comment" rows="4" class="form-control">{{ comment }}</textarea>
                </p> #}
            ]]></add>
        </operation>

        <operation>
            <search><![CDATA[{% endfor %}]]></search>
            <add position="after"><![CDATA[
                {% if bank_methods %}
                    <div class="row" id="all-bank" style="padding-left: 20px; display: none;">
                        <div class="column" style="float: left; width: 50%; padding-right: 20px;">
                            <label><b>Select Your Bank</b></label>
                            <select name="bank_transfer_name" class="form-control" id="show-bank-details">
                            <option value="">Select Bank</option>
                            {% for bank_method in bank_methods %}
                                {% if bank_transfer_name == bank_method.code %}
                                <option value="{{ bank_method.module_id }}" checked="checked">{{ bank_method.title }}</option>
                                {% else %}
                                <option value="{{ bank_method.module_id }}">{{ bank_method.title }}</option>
                                {% endif %}
                            {% endfor %}
                            </select>
                        </div>
                    </div>
                {% endif %}

                <div class="column" style="padding-top: 20px; padding-left: 20px;" id="bank-details"></div>
                <br>
                <div class="column bank_image" style="display:none;">
                    <label><b>Plase insert .jpg or .png image.</b></label>
                    <form method="post" enctype="multipart/form-data">
                        <input type="file" value="{{ bank_transfer_image }}" onchange="bgchange();" name="bank_transfer_image" required id="image-confirm" accept="image/png, image/jpeg" data-loading-text="{{ text_loading }}" class="btn btn-primary" />

                        <br>
                        <div id="preview-image" style="display: none;">
                        <img id="preview" style="width: 300px;height: 200px;" src="#" alt="your image" />
                        </div>
                        <input type="hidden" id="image_uploded" value="0">
                    </form>
                </div>
            ]]></add>
        </operation>

        <operation>
            <search regex="true" limit="1"><![CDATA[($)]]></search>
            <add><![CDATA[

                <script type="text/javascript">
                $('input[name="payment_method"]').click(function () {
                    if (this.id == "bank-transfer") {
                        $("#all-bank").css('display', 'block');
                        $(".bank_image").css('display', 'block');
                        $('#button-payment-method').attr("id", "button-payment-method1");
                    } else {
                        $("#all-bank").css('display', 'none');
                        $(".bank_image").css('display', 'none');
                        $('#button-payment-method1').attr("id", "button-payment-method");
                    }
                });
                $('#collapse-payment-method input[type=\'checkbox\']').each(function(){
                $('#collapse-payment-method input[type=\'radio\']').attr("checked", false);
                });

                function bgchange() {

                    // $('#image-confirm').change(function(){
                    //     const file = this.files[0];
                    //     console.log(file);
                    //     if (file){
                    //       let reader = new FileReader();
                    //       reader.onload = function(event){
                    //         console.log(event.target.result);
                    //         $('#preview').attr('src', event.target.result);
                    //       }
                    //       reader.readAsDataURL(file);
                    //     }
                    //   });

                    var form_data = new FormData();
                    form_data.append("file", $("#image-confirm")[0].files[0]);
                    $.ajax({
                    url: 'index.php?route=checkout/payment_method/image',
                    type: 'POST',
                    data: form_data,
                    contentType: false,
                    processData: false,
                    success: function(data) {
                        $('#preview-image').css('display', 'block');
                        $('#preview').attr("src", data);
                        $('#button-payment-method1').attr("id", "button-payment-method");
                        
                        $('#image_uploded').val('1');
                    }
                    });
                }

                function validateBank()
                {
                    
                    var image_uploded = $('#image_uploded').val();
                    var allbank = $('#all-bank').find(":selected").text();
                    

                    var payment_method = document.querySelector('input[name="payment_method"]:checked').value;
                    
                    //alert(payment_method);
                    
                    if (allbank == 'Select Bank') {
                        
                        alert("Please Select Bank !");
                        return false;		
                    }
                    
                    if (payment_method == "bank_transfer" && image_uploded =='0' ) {
                        
                        alert("Please Upload Screenshot of payment.");
                        return false;
                        
                    } else {
                        $('#button-payment-method').trigger("click");
                        document.getElementById('button-payment-method').click();
                    }

                }

                $('#show-bank-details').on('change', function() {
                var current_val = $(this).val();

                $.ajax({
                    url: 'index.php?route=checkout/payment_method/showDesc',
                    type: 'POST',
                    data: {'module_id':current_val},
                    success: function(data) {
                        $('label-bank-details').css("display", "block");
                        $('#bank-details').html(data);
                    }
                    });
                });
                
                
                $( document ).ready(function() {
                var payment_method = document.querySelector('input[name="payment_method"]:checked').value;
                
                    if (payment_method == "bank_transfer"  ) {
                        
                        $("#all-bank").css('display', 'block');
                        $(".bank_image").css('display', 'block');
                        $('#button-payment-method').attr("id", "button-payment-method1");
                        
                    }
                    
                });

                // {% for key, bank_method in bank_result %}
                //   if(current_val == '{{ key }}') {
                //     console.log($(this).val());
                //       $('#bank-{{ key }}').show();
                //   }else{
                //       $('#bank-{{ key }}').show();
                //   }
                // {% endfor %}

                </script>
            ]]></add>
        </operation>
    </file>

</modification>
